-- phpMyAdmin SQL Dump
-- version 5.2.0
-- https://www.phpmyadmin.net/
--
-- Host: localhost:3306
-- Generation Time: May 28, 2025 at 01:44 PM
-- Server version: 8.0.30
-- PHP Version: 8.2.20

SET SQL_MODE = "NO_AUTO_VALUE_ON_ZERO";
START TRANSACTION;
SET time_zone = "+00:00";


/*!40101 SET @OLD_CHARACTER_SET_CLIENT=@@CHARACTER_SET_CLIENT */;
/*!40101 SET @OLD_CHARACTER_SET_RESULTS=@@CHARACTER_SET_RESULTS */;
/*!40101 SET @OLD_COLLATION_CONNECTION=@@COLLATION_CONNECTION */;
/*!40101 SET NAMES utf8mb4 */;

--
-- Database: `mysql_social_network_platform`
--

DELIMITER $$
--
-- Procedures
--
CREATE DEFINER=`root`@`localhost` PROCEDURE `sp_like_post` (IN `p_post_id` INT, IN `p_user_id` INT)   BEGIN
  DECLARE already_liked INT DEFAULT 0;
  -- Kiểm tra user đã like chưa
  SELECT COUNT(*) INTO already_liked
  FROM post_likes
  WHERE post_id = p_post_id AND user_id = p_user_id;
  IF already_liked = 0 THEN
    -- chưa like, thực hiện cập nhật trong transaction
    START TRANSACTION;
    -- thêm bản ghi like
    INSERT INTO post_likes(post_id, user_id) VALUES (p_post_id, p_user_id);
    -- cập nhật số likes trong bảng posts
    UPDATE posts SET likes = likes + 1 WHERE post_id = p_post_id;

    COMMIT;
  END IF;
END$$

DELIMITER ;

-- --------------------------------------------------------

--
-- Table structure for table `cachedtoppoststoday`
--

CREATE TABLE `cachedtoppoststoday` (
  `post_id` int NOT NULL,
  `user_id` int DEFAULT NULL,
  `likes` int DEFAULT NULL,
  `created_at` datetime DEFAULT NULL
) ENGINE=MEMORY DEFAULT CHARSET=utf8mb4 COLLATE=utf8mb4_0900_ai_ci;

--
-- Dumping data for table `cachedtoppoststoday`
--

INSERT INTO `cachedtoppoststoday` (`post_id`, `user_id`, `likes`, `created_at`) VALUES
(15, 5, 35, '2025-05-28 17:00:00'),
(8, 8, 30, '2025-05-28 10:45:00'),
(14, 4, 28, '2025-05-28 16:00:00'),
(7, 7, 25, '2025-05-28 10:00:00'),
(12, 2, 22, '2025-05-28 14:00:00'),
(2, 2, 20, '2025-05-28 09:23:21'),
(10, 10, 20, '2025-05-28 12:00:00'),
(11, 11, 18, '2025-05-28 13:00:00'),
(13, 3, 17, '2025-05-28 15:00:00'),
(5, 5, 15, '2025-05-28 09:23:21');

-- --------------------------------------------------------

--
-- Table structure for table `follows`
--

CREATE TABLE `follows` (
  `follower_id` int NOT NULL,
  `followee_id` int NOT NULL
) ENGINE=InnoDB DEFAULT CHARSET=utf8mb4 COLLATE=utf8mb4_0900_ai_ci;

--
-- Dumping data for table `follows`
--

INSERT INTO `follows` (`follower_id`, `followee_id`) VALUES
(4, 1),
(1, 2),
(5, 2),
(1, 3),
(2, 3),
(3, 4),
(9, 6),
(10, 6),
(11, 6),
(6, 7),
(11, 7),
(6, 8),
(7, 8),
(8, 9);

-- --------------------------------------------------------

--
-- Table structure for table `hashtags`
--

CREATE TABLE `hashtags` (
  `hashtag_id` int NOT NULL,
  `name` varchar(100) NOT NULL
) ENGINE=InnoDB DEFAULT CHARSET=utf8mb4 COLLATE=utf8mb4_0900_ai_ci;

--
-- Dumping data for table `hashtags`
--

INSERT INTO `hashtags` (`hashtag_id`, `name`) VALUES
(1, 'fitness'),
(2, 'health');

-- --------------------------------------------------------

--
-- Table structure for table `popularpostsdaily`
--

CREATE TABLE `popularpostsdaily` (
  `post_id` int NOT NULL,
  `view_date` date NOT NULL,
  `total_views` int DEFAULT '0'
) ENGINE=InnoDB DEFAULT CHARSET=utf8mb4 COLLATE=utf8mb4_0900_ai_ci;

--
-- Dumping data for table `popularpostsdaily`
--

INSERT INTO `popularpostsdaily` (`post_id`, `view_date`, `total_views`) VALUES
(1, '2025-05-27', 6),
(1, '2025-05-28', 4),
(2, '2025-05-27', 5),
(2, '2025-05-28', 5),
(3, '2025-05-27', 4),
(3, '2025-05-28', 6),
(4, '2025-05-27', 5),
(4, '2025-05-28', 3),
(5, '2025-05-27', 4),
(5, '2025-05-28', 5),
(6, '2025-05-27', 5),
(6, '2025-05-28', 3),
(7, '2025-05-27', 4),
(7, '2025-05-28', 4),
(8, '2025-05-27', 5),
(8, '2025-05-28', 3),
(9, '2025-05-27', 4),
(9, '2025-05-28', 4),
(10, '2025-05-27', 5),
(10, '2025-05-28', 3),
(11, '2025-05-27', 4),
(11, '2025-05-28', 3),
(12, '2025-05-27', 4),
(12, '2025-05-28', 4),
(13, '2025-05-27', 4),
(13, '2025-05-28', 3),
(14, '2025-05-27', 5),
(14, '2025-05-28', 3),
(15, '2025-05-27', 4),
(15, '2025-05-28', 4);

-- --------------------------------------------------------

--
-- Table structure for table `posthashtags`
--

CREATE TABLE `posthashtags` (
  `post_id` int NOT NULL,
  `hashtag_id` int NOT NULL
) ENGINE=InnoDB DEFAULT CHARSET=utf8mb4 COLLATE=utf8mb4_0900_ai_ci;

--
-- Dumping data for table `posthashtags`
--

INSERT INTO `posthashtags` (`post_id`, `hashtag_id`) VALUES
(1, 1),
(1, 2);

-- --------------------------------------------------------

--
-- Table structure for table `posts`
--

CREATE TABLE `posts` (
  `post_id` int NOT NULL,
  `user_id` int DEFAULT NULL,
  `content` text,
  `created_at` timestamp NULL DEFAULT CURRENT_TIMESTAMP,
  `likes` int DEFAULT '0',
  `hashtags` varchar(100) CHARACTER SET utf8mb4 COLLATE utf8mb4_0900_ai_ci DEFAULT NULL
) ENGINE=InnoDB DEFAULT CHARSET=utf8mb4 COLLATE=utf8mb4_0900_ai_ci;

--
-- Dumping data for table `posts`
--

INSERT INTO `posts` (`post_id`, `user_id`, `content`, `created_at`, `likes`, `hashtags`) VALUES
(1, 1, 'Bài viết về thể dục', '2025-05-28 02:23:21', 14, 'fitness,health'),
(2, 2, 'Ăn kiêng đúng cách', '2025-05-28 02:23:21', 20, 'fitness,diet'),
(3, 3, 'Tập yoga mỗi sáng', '2025-05-28 02:23:21', 8, 'yoga,fitness'),
(4, 4, 'Lập trình mỗi ngày', '2025-05-28 02:23:21', 5, 'code,life'),
(5, 5, 'Hôm nay trời đẹp', '2025-05-28 02:23:21', 15, 'life,sunny'),
(6, 6, 'Hôm nay trời đẹp quá, đi dạo thôi!', '2025-05-28 02:30:00', 15, 'life,dulich'),
(7, 7, 'Thử thách nấu ăn mới: Bún chả Hà Nội. Ai muốn thử không?', '2025-05-28 03:00:00', 25, 'cook,amthuc'),
(8, 8, 'Vừa hoàn thành dự án lớn, cảm thấy thật tuyệt vời!', '2025-05-28 03:45:00', 30, 'congviec,life'),
(9, 9, 'Đọc xong cuốn sách này, có nhiều điều đáng suy ngẫm.', '2025-05-28 04:15:00', 10, 'book,kienthuc'),
(10, 10, 'Khám phá quán cà phê mới, view đẹp, nhạc hay.', '2025-05-28 05:00:00', 20, 'cafe,relax'),
(11, 11, 'Buổi chiều bình yên bên gia đình.', '2025-05-28 06:00:00', 18, 'family,hanhphuc'),
(12, 2, 'Tập luyện thể thao mỗi ngày để giữ gìn sức khỏe.', '2025-05-28 07:00:00', 22, 'health, fitness'),
(13, 3, 'Chia sẻ mẹo học tập hiệu quả cho các bạn sinh viên.', '2025-05-28 08:00:00', 17, 'study,meo'),
(14, 4, 'Hóng chờ trận đấu bóng đá cuối tuần này!', '2025-05-28 09:00:00', 28, 'health,relax'),
(15, 5, 'Kỷ niệm một năm ngày ra trường, nhiều cảm xúc.', '2025-05-28 10:00:00', 35, 'kyniem,sinhvien');

-- --------------------------------------------------------

--
-- Table structure for table `postviews`
--

CREATE TABLE `postviews` (
  `view_id` bigint NOT NULL,
  `post_id` int DEFAULT NULL,
  `viewer_id` int DEFAULT NULL,
  `view_time` datetime DEFAULT NULL
) ENGINE=InnoDB DEFAULT CHARSET=utf8mb4 COLLATE=utf8mb4_0900_ai_ci;

--
-- Dumping data for table `postviews`
--

INSERT INTO `postviews` (`view_id`, `post_id`, `viewer_id`, `view_time`) VALUES
(1, 1, 2, '2025-05-27 08:00:00'),
(2, 1, 3, '2025-05-27 09:00:00'),
(3, 2, 1, '2025-05-27 10:00:00'),
(4, 2, 4, '2025-05-28 08:30:00'),
(5, 3, 5, '2025-05-28 09:15:00'),
(6, 3, 2, '2025-05-28 09:45:00'),
(7, 4, 1, '2025-05-27 12:00:00'),
(8, 5, 3, '2025-05-28 11:00:00'),
(9, 5, 4, '2025-05-28 12:00:00'),
(10, 1, 2, '2024-12-01 08:00:00'),
(11, 3, 4, '2024-12-05 09:15:00'),
(12, 7, 1, '2024-12-10 10:30:00'),
(13, 15, 5, '2024-12-12 11:45:00'),
(14, 2, 3, '2024-12-15 12:00:00'),
(15, 9, 6, '2024-12-18 13:10:00'),
(16, 11, 2, '2024-12-20 14:20:00'),
(17, 4, 7, '2024-12-22 15:30:00'),
(18, 13, 8, '2024-12-25 16:40:00'),
(19, 5, 9, '2024-12-28 17:50:00'),
(20, 10, 10, '2025-01-01 08:00:00'),
(21, 6, 11, '2025-01-03 09:00:00'),
(22, 14, 1, '2025-01-05 10:00:00'),
(23, 8, 2, '2025-01-07 11:00:00'),
(24, 12, 3, '2025-01-09 12:00:00'),
(25, 1, 4, '2025-01-11 13:00:00'),
(26, 7, 5, '2025-01-13 14:00:00'),
(27, 3, 6, '2025-01-15 15:00:00'),
(28, 15, 7, '2025-01-17 16:00:00'),
(29, 2, 8, '2025-01-19 17:00:00'),
(30, 10, 9, '2025-01-21 18:00:00'),
(31, 4, 10, '2025-01-23 19:00:00'),
(32, 13, 11, '2025-01-25 20:00:00'),
(33, 5, 1, '2025-01-27 21:00:00'),
(34, 11, 2, '2025-01-29 22:00:00'),
(35, 6, 3, '2025-02-01 08:00:00'),
(36, 14, 4, '2025-02-03 09:00:00'),
(37, 8, 5, '2025-02-05 10:00:00'),
(38, 12, 6, '2025-02-07 11:00:00'),
(39, 1, 7, '2025-02-09 12:00:00'),
(40, 7, 8, '2025-02-11 13:00:00'),
(41, 3, 9, '2025-02-13 14:00:00'),
(42, 15, 10, '2025-02-15 15:00:00'),
(43, 2, 11, '2025-02-17 16:00:00'),
(44, 9, 1, '2025-02-19 17:00:00'),
(45, 11, 2, '2025-02-21 18:00:00'),
(46, 4, 3, '2025-02-23 19:00:00'),
(47, 13, 4, '2025-02-25 20:00:00'),
(48, 5, 5, '2025-02-27 21:00:00'),
(49, 10, 6, '2025-03-01 08:00:00'),
(50, 6, 7, '2025-03-03 09:00:00'),
(51, 14, 8, '2025-03-05 10:00:00'),
(52, 8, 9, '2025-03-07 11:00:00'),
(53, 12, 10, '2025-03-09 12:00:00'),
(54, 1, 11, '2025-03-11 13:00:00'),
(55, 7, 1, '2025-03-13 14:00:00'),
(56, 3, 2, '2025-03-15 15:00:00'),
(57, 15, 3, '2025-03-17 16:00:00'),
(58, 2, 4, '2025-03-19 17:00:00'),
(59, 9, 5, '2025-03-21 18:00:00'),
(60, 11, 6, '2025-03-23 19:00:00'),
(61, 4, 7, '2025-03-25 20:00:00'),
(62, 13, 8, '2025-03-27 21:00:00'),
(63, 5, 9, '2025-03-29 22:00:00'),
(64, 10, 10, '2025-04-01 08:00:00'),
(65, 6, 11, '2025-04-03 09:00:00'),
(66, 14, 1, '2025-04-05 10:00:00'),
(67, 8, 2, '2025-04-07 11:00:00'),
(68, 12, 3, '2025-04-09 12:00:00'),
(69, 1, 4, '2025-04-11 13:00:00'),
(70, 7, 5, '2025-04-13 14:00:00'),
(71, 3, 6, '2025-04-15 15:00:00'),
(72, 15, 7, '2025-04-17 16:00:00'),
(73, 2, 8, '2025-04-19 17:00:00'),
(74, 9, 9, '2025-04-21 18:00:00'),
(75, 11, 10, '2025-04-23 19:00:00'),
(76, 4, 11, '2025-04-25 20:00:00'),
(77, 13, 1, '2025-04-27 21:00:00'),
(78, 5, 2, '2025-04-29 22:00:00'),
(79, 10, 3, '2025-05-01 08:00:00'),
(80, 6, 4, '2025-05-03 09:00:00'),
(81, 14, 5, '2025-05-05 10:00:00'),
(82, 8, 6, '2025-05-07 11:00:00'),
(83, 12, 7, '2025-05-09 12:00:00'),
(84, 1, 8, '2025-05-11 13:00:00'),
(85, 7, 9, '2025-05-13 14:00:00'),
(86, 3, 10, '2025-05-15 15:00:00'),
(87, 15, 11, '2025-05-17 16:00:00'),
(88, 2, 1, '2025-05-19 17:00:00'),
(89, 9, 2, '2025-05-21 18:00:00'),
(90, 11, 3, '2025-05-23 19:00:00'),
(91, 4, 4, '2025-05-24 20:00:00'),
(92, 13, 5, '2025-05-25 21:00:00'),
(93, 5, 6, '2025-05-26 22:00:00'),
(94, 10, 7, '2025-05-27 08:00:00'),
(95, 6, 8, '2025-05-27 08:15:00'),
(96, 14, 9, '2025-05-27 08:30:00'),
(97, 8, 10, '2025-05-27 08:45:00'),
(98, 12, 11, '2025-05-27 09:00:00'),
(99, 1, 1, '2025-05-27 09:15:00'),
(100, 7, 2, '2025-05-27 09:30:00'),
(101, 3, 3, '2025-05-27 09:45:00'),
(102, 15, 4, '2025-05-27 10:00:00'),
(103, 2, 5, '2025-05-27 10:15:00'),
(104, 9, 6, '2025-05-27 10:30:00'),
(105, 11, 7, '2025-05-27 10:45:00'),
(106, 4, 8, '2025-05-27 11:00:00'),
(107, 13, 9, '2025-05-27 11:15:00'),
(108, 5, 10, '2025-05-27 11:30:00'),
(109, 10, 11, '2025-05-27 11:45:00'),
(110, 6, 1, '2025-05-27 12:00:00'),
(111, 14, 2, '2025-05-27 12:15:00'),
(112, 8, 3, '2025-05-27 12:30:00'),
(113, 12, 4, '2025-05-27 12:45:00'),
(114, 1, 5, '2025-05-27 13:00:00'),
(115, 7, 6, '2025-05-27 13:15:00'),
(116, 3, 7, '2025-05-27 13:30:00'),
(117, 15, 8, '2025-05-27 13:45:00'),
(118, 2, 9, '2025-05-27 14:00:00'),
(119, 9, 10, '2025-05-27 14:15:00'),
(120, 11, 11, '2025-05-27 14:30:00'),
(121, 4, 1, '2025-05-27 14:45:00'),
(122, 13, 2, '2025-05-27 15:00:00'),
(123, 5, 3, '2025-05-27 15:15:00'),
(124, 10, 4, '2025-05-27 15:30:00'),
(125, 6, 5, '2025-05-27 15:45:00'),
(126, 14, 6, '2025-05-27 16:00:00'),
(127, 8, 7, '2025-05-27 16:15:00'),
(128, 12, 8, '2025-05-27 16:30:00'),
(129, 1, 9, '2025-05-27 16:45:00'),
(130, 7, 10, '2025-05-27 17:00:00'),
(131, 3, 11, '2025-05-27 17:15:00'),
(132, 15, 1, '2025-05-27 17:30:00'),
(133, 2, 2, '2025-05-27 17:45:00'),
(134, 9, 3, '2025-05-27 18:00:00'),
(135, 11, 4, '2025-05-27 18:15:00'),
(136, 4, 5, '2025-05-27 18:30:00'),
(137, 13, 6, '2025-05-27 18:45:00'),
(138, 5, 7, '2025-05-27 19:00:00'),
(139, 10, 8, '2025-05-27 19:15:00'),
(140, 6, 9, '2025-05-27 19:30:00'),
(141, 14, 10, '2025-05-27 19:45:00'),
(142, 8, 11, '2025-05-27 20:00:00'),
(143, 12, 1, '2025-05-27 20:15:00'),
(144, 1, 2, '2025-05-27 20:30:00'),
(145, 7, 3, '2025-05-27 20:45:00'),
(146, 3, 4, '2025-05-27 21:00:00'),
(147, 15, 5, '2025-05-27 21:15:00'),
(148, 2, 6, '2025-05-27 21:30:00'),
(149, 9, 7, '2025-05-27 21:45:00'),
(150, 11, 8, '2025-05-27 22:00:00'),
(151, 4, 9, '2025-05-27 22:15:00'),
(152, 13, 10, '2025-05-27 22:30:00'),
(153, 5, 11, '2025-05-27 22:45:00'),
(154, 10, 1, '2025-05-27 23:00:00'),
(155, 6, 2, '2025-05-27 23:15:00'),
(156, 14, 3, '2025-05-27 23:30:00'),
(157, 8, 4, '2025-05-27 23:45:00'),
(158, 12, 5, '2025-05-28 00:00:00'),
(159, 1, 6, '2025-05-28 00:15:00'),
(160, 7, 7, '2025-05-28 00:30:00'),
(161, 3, 8, '2025-05-28 00:45:00'),
(162, 15, 9, '2025-05-28 01:00:00'),
(163, 2, 10, '2025-05-28 01:15:00'),
(164, 9, 11, '2025-05-28 01:30:00'),
(165, 11, 1, '2025-05-28 01:45:00'),
(166, 4, 2, '2025-05-28 02:00:00'),
(167, 13, 3, '2025-05-28 02:15:00'),
(168, 5, 4, '2025-05-28 02:30:00'),
(169, 10, 5, '2025-05-28 02:45:00'),
(170, 6, 6, '2025-05-28 03:00:00'),
(171, 14, 7, '2025-05-28 03:15:00'),
(172, 8, 8, '2025-05-28 03:30:00'),
(173, 12, 9, '2025-05-28 03:45:00'),
(174, 1, 10, '2025-05-28 04:00:00'),
(175, 7, 11, '2025-05-28 04:15:00'),
(176, 3, 1, '2025-05-28 04:30:00'),
(177, 15, 2, '2025-05-28 04:45:00'),
(178, 2, 3, '2025-05-28 05:00:00'),
(179, 9, 4, '2025-05-28 05:15:00'),
(180, 11, 5, '2025-05-28 05:30:00'),
(181, 4, 6, '2025-05-28 05:45:00'),
(182, 13, 7, '2025-05-28 06:00:00'),
(183, 5, 8, '2025-05-28 06:15:00'),
(184, 10, 9, '2025-05-28 06:30:00'),
(185, 6, 10, '2025-05-28 06:45:00'),
(186, 14, 11, '2025-05-28 07:00:00'),
(187, 8, 1, '2025-05-28 07:15:00'),
(188, 12, 2, '2025-05-28 07:30:00'),
(189, 1, 3, '2025-05-28 07:45:00'),
(190, 7, 4, '2025-05-28 08:00:00'),
(191, 3, 5, '2025-05-28 08:15:00'),
(192, 15, 6, '2025-05-28 08:30:00'),
(193, 2, 7, '2025-05-28 08:45:00'),
(194, 9, 8, '2025-05-28 09:00:00'),
(195, 11, 9, '2025-05-28 09:15:00'),
(196, 4, 10, '2025-05-28 09:30:00'),
(197, 13, 11, '2025-05-28 09:45:00'),
(198, 5, 1, '2025-05-28 10:00:00'),
(199, 10, 2, '2025-05-28 10:15:00'),
(200, 6, 3, '2025-05-28 10:30:00'),
(201, 14, 4, '2025-05-28 10:45:00'),
(202, 8, 5, '2025-05-28 11:00:00'),
(203, 12, 6, '2025-05-28 11:15:00'),
(204, 1, 7, '2025-05-28 11:30:00'),
(205, 7, 8, '2025-05-28 11:45:00'),
(206, 3, 9, '2025-05-28 12:00:00'),
(207, 15, 10, '2025-05-28 12:15:00'),
(208, 2, 11, '2025-05-28 12:30:00'),
(209, 9, 1, '2025-05-28 12:45:00');

-- --------------------------------------------------------

--
-- Table structure for table `postviews_partitioned`
--

CREATE TABLE `postviews_partitioned` (
  `view_id` bigint NOT NULL,
  `post_id` int NOT NULL,
  `viewer_id` int NOT NULL,
  `view_time` datetime NOT NULL
) ENGINE=InnoDB DEFAULT CHARSET=utf8mb4 COLLATE=utf8mb4_0900_ai_ci
PARTITION BY RANGE (to_days(`view_time`))
(
PARTITION p202412 VALUES LESS THAN (739617) ENGINE=InnoDB,
PARTITION p202501 VALUES LESS THAN (739648) ENGINE=InnoDB,
PARTITION p202502 VALUES LESS THAN (739676) ENGINE=InnoDB,
PARTITION p202503 VALUES LESS THAN (739707) ENGINE=InnoDB,
PARTITION p202504 VALUES LESS THAN (739737) ENGINE=InnoDB,
PARTITION p202505 VALUES LESS THAN (739768) ENGINE=InnoDB,
PARTITION pmax VALUES LESS THAN MAXVALUE ENGINE=InnoDB
);

--
-- Dumping data for table `postviews_partitioned`
--

INSERT INTO `postviews_partitioned` (`view_id`, `post_id`, `viewer_id`, `view_time`) VALUES
(10, 1, 2, '2024-12-01 08:00:00'),
(11, 3, 4, '2024-12-05 09:15:00'),
(12, 7, 1, '2024-12-10 10:30:00'),
(13, 15, 5, '2024-12-12 11:45:00'),
(14, 2, 3, '2024-12-15 12:00:00'),
(15, 9, 6, '2024-12-18 13:10:00'),
(16, 11, 2, '2024-12-20 14:20:00'),
(17, 4, 7, '2024-12-22 15:30:00'),
(18, 13, 8, '2024-12-25 16:40:00'),
(19, 5, 9, '2024-12-28 17:50:00'),
(20, 10, 10, '2025-01-01 08:00:00'),
(21, 6, 11, '2025-01-03 09:00:00'),
(22, 14, 1, '2025-01-05 10:00:00'),
(23, 8, 2, '2025-01-07 11:00:00'),
(24, 12, 3, '2025-01-09 12:00:00'),
(25, 1, 4, '2025-01-11 13:00:00'),
(26, 7, 5, '2025-01-13 14:00:00'),
(27, 3, 6, '2025-01-15 15:00:00'),
(28, 15, 7, '2025-01-17 16:00:00'),
(29, 2, 8, '2025-01-19 17:00:00'),
(30, 10, 9, '2025-01-21 18:00:00'),
(31, 4, 10, '2025-01-23 19:00:00'),
(32, 13, 11, '2025-01-25 20:00:00'),
(33, 5, 1, '2025-01-27 21:00:00'),
(34, 11, 2, '2025-01-29 22:00:00'),
(35, 6, 3, '2025-02-01 08:00:00'),
(36, 14, 4, '2025-02-03 09:00:00'),
(37, 8, 5, '2025-02-05 10:00:00'),
(38, 12, 6, '2025-02-07 11:00:00'),
(39, 1, 7, '2025-02-09 12:00:00'),
(40, 7, 8, '2025-02-11 13:00:00'),
(41, 3, 9, '2025-02-13 14:00:00'),
(42, 15, 10, '2025-02-15 15:00:00'),
(43, 2, 11, '2025-02-17 16:00:00'),
(44, 9, 1, '2025-02-19 17:00:00'),
(45, 11, 2, '2025-02-21 18:00:00'),
(46, 4, 3, '2025-02-23 19:00:00'),
(47, 13, 4, '2025-02-25 20:00:00'),
(48, 5, 5, '2025-02-27 21:00:00'),
(49, 10, 6, '2025-03-01 08:00:00'),
(50, 6, 7, '2025-03-03 09:00:00'),
(51, 14, 8, '2025-03-05 10:00:00'),
(52, 8, 9, '2025-03-07 11:00:00'),
(53, 12, 10, '2025-03-09 12:00:00'),
(54, 1, 11, '2025-03-11 13:00:00'),
(55, 7, 1, '2025-03-13 14:00:00'),
(56, 3, 2, '2025-03-15 15:00:00'),
(57, 15, 3, '2025-03-17 16:00:00'),
(58, 2, 4, '2025-03-19 17:00:00'),
(59, 9, 5, '2025-03-21 18:00:00'),
(60, 11, 6, '2025-03-23 19:00:00'),
(61, 4, 7, '2025-03-25 20:00:00'),
(62, 13, 8, '2025-03-27 21:00:00'),
(63, 5, 9, '2025-03-29 22:00:00'),
(64, 10, 10, '2025-04-01 08:00:00'),
(65, 6, 11, '2025-04-03 09:00:00'),
(66, 14, 1, '2025-04-05 10:00:00'),
(67, 8, 2, '2025-04-07 11:00:00'),
(68, 12, 3, '2025-04-09 12:00:00'),
(69, 1, 4, '2025-04-11 13:00:00'),
(70, 7, 5, '2025-04-13 14:00:00'),
(71, 3, 6, '2025-04-15 15:00:00'),
(72, 15, 7, '2025-04-17 16:00:00'),
(73, 2, 8, '2025-04-19 17:00:00'),
(74, 9, 9, '2025-04-21 18:00:00'),
(75, 11, 10, '2025-04-23 19:00:00'),
(76, 4, 11, '2025-04-25 20:00:00'),
(77, 13, 1, '2025-04-27 21:00:00'),
(78, 5, 2, '2025-04-29 22:00:00'),
(1, 1, 2, '2025-05-27 08:00:00'),
(2, 1, 3, '2025-05-27 09:00:00'),
(3, 2, 1, '2025-05-27 10:00:00'),
(4, 2, 4, '2025-05-28 08:30:00'),
(5, 3, 5, '2025-05-28 09:15:00'),
(6, 3, 2, '2025-05-28 09:45:00'),
(7, 4, 1, '2025-05-27 12:00:00'),
(8, 5, 3, '2025-05-28 11:00:00'),
(9, 5, 4, '2025-05-28 12:00:00'),
(79, 10, 3, '2025-05-01 08:00:00'),
(80, 6, 4, '2025-05-03 09:00:00'),
(81, 14, 5, '2025-05-05 10:00:00'),
(82, 8, 6, '2025-05-07 11:00:00'),
(83, 12, 7, '2025-05-09 12:00:00'),
(84, 1, 8, '2025-05-11 13:00:00'),
(85, 7, 9, '2025-05-13 14:00:00'),
(86, 3, 10, '2025-05-15 15:00:00'),
(87, 15, 11, '2025-05-17 16:00:00'),
(88, 2, 1, '2025-05-19 17:00:00'),
(89, 9, 2, '2025-05-21 18:00:00'),
(90, 11, 3, '2025-05-23 19:00:00'),
(91, 4, 4, '2025-05-24 20:00:00'),
(92, 13, 5, '2025-05-25 21:00:00'),
(93, 5, 6, '2025-05-26 22:00:00'),
(94, 10, 7, '2025-05-27 08:00:00'),
(95, 6, 8, '2025-05-27 08:15:00'),
(96, 14, 9, '2025-05-27 08:30:00'),
(97, 8, 10, '2025-05-27 08:45:00'),
(98, 12, 11, '2025-05-27 09:00:00'),
(99, 1, 1, '2025-05-27 09:15:00'),
(100, 7, 2, '2025-05-27 09:30:00'),
(101, 3, 3, '2025-05-27 09:45:00'),
(102, 15, 4, '2025-05-27 10:00:00'),
(103, 2, 5, '2025-05-27 10:15:00'),
(104, 9, 6, '2025-05-27 10:30:00'),
(105, 11, 7, '2025-05-27 10:45:00'),
(106, 4, 8, '2025-05-27 11:00:00'),
(107, 13, 9, '2025-05-27 11:15:00'),
(108, 5, 10, '2025-05-27 11:30:00'),
(109, 10, 11, '2025-05-27 11:45:00'),
(110, 6, 1, '2025-05-27 12:00:00'),
(111, 14, 2, '2025-05-27 12:15:00'),
(112, 8, 3, '2025-05-27 12:30:00'),
(113, 12, 4, '2025-05-27 12:45:00'),
(114, 1, 5, '2025-05-27 13:00:00'),
(115, 7, 6, '2025-05-27 13:15:00'),
(116, 3, 7, '2025-05-27 13:30:00'),
(117, 15, 8, '2025-05-27 13:45:00'),
(118, 2, 9, '2025-05-27 14:00:00'),
(119, 9, 10, '2025-05-27 14:15:00'),
(120, 11, 11, '2025-05-27 14:30:00'),
(121, 4, 1, '2025-05-27 14:45:00'),
(122, 13, 2, '2025-05-27 15:00:00'),
(123, 5, 3, '2025-05-27 15:15:00'),
(124, 10, 4, '2025-05-27 15:30:00'),
(125, 6, 5, '2025-05-27 15:45:00'),
(126, 14, 6, '2025-05-27 16:00:00'),
(127, 8, 7, '2025-05-27 16:15:00'),
(128, 12, 8, '2025-05-27 16:30:00'),
(129, 1, 9, '2025-05-27 16:45:00'),
(130, 7, 10, '2025-05-27 17:00:00'),
(131, 3, 11, '2025-05-27 17:15:00'),
(132, 15, 1, '2025-05-27 17:30:00'),
(133, 2, 2, '2025-05-27 17:45:00'),
(134, 9, 3, '2025-05-27 18:00:00'),
(135, 11, 4, '2025-05-27 18:15:00'),
(136, 4, 5, '2025-05-27 18:30:00'),
(137, 13, 6, '2025-05-27 18:45:00'),
(138, 5, 7, '2025-05-27 19:00:00'),
(139, 10, 8, '2025-05-27 19:15:00'),
(140, 6, 9, '2025-05-27 19:30:00'),
(141, 14, 10, '2025-05-27 19:45:00'),
(142, 8, 11, '2025-05-27 20:00:00'),
(143, 12, 1, '2025-05-27 20:15:00'),
(144, 1, 2, '2025-05-27 20:30:00'),
(145, 7, 3, '2025-05-27 20:45:00'),
(146, 3, 4, '2025-05-27 21:00:00'),
(147, 15, 5, '2025-05-27 21:15:00'),
(148, 2, 6, '2025-05-27 21:30:00'),
(149, 9, 7, '2025-05-27 21:45:00'),
(150, 11, 8, '2025-05-27 22:00:00'),
(151, 4, 9, '2025-05-27 22:15:00'),
(152, 13, 10, '2025-05-27 22:30:00'),
(153, 5, 11, '2025-05-27 22:45:00'),
(154, 10, 1, '2025-05-27 23:00:00'),
(155, 6, 2, '2025-05-27 23:15:00'),
(156, 14, 3, '2025-05-27 23:30:00'),
(157, 8, 4, '2025-05-27 23:45:00'),
(158, 12, 5, '2025-05-28 00:00:00'),
(159, 1, 6, '2025-05-28 00:15:00'),
(160, 7, 7, '2025-05-28 00:30:00'),
(161, 3, 8, '2025-05-28 00:45:00'),
(162, 15, 9, '2025-05-28 01:00:00'),
(163, 2, 10, '2025-05-28 01:15:00'),
(164, 9, 11, '2025-05-28 01:30:00'),
(165, 11, 1, '2025-05-28 01:45:00'),
(166, 4, 2, '2025-05-28 02:00:00'),
(167, 13, 3, '2025-05-28 02:15:00'),
(168, 5, 4, '2025-05-28 02:30:00'),
(169, 10, 5, '2025-05-28 02:45:00'),
(170, 6, 6, '2025-05-28 03:00:00'),
(171, 14, 7, '2025-05-28 03:15:00'),
(172, 8, 8, '2025-05-28 03:30:00'),
(173, 12, 9, '2025-05-28 03:45:00'),
(174, 1, 10, '2025-05-28 04:00:00'),
(175, 7, 11, '2025-05-28 04:15:00'),
(176, 3, 1, '2025-05-28 04:30:00'),
(177, 15, 2, '2025-05-28 04:45:00'),
(178, 2, 3, '2025-05-28 05:00:00'),
(179, 9, 4, '2025-05-28 05:15:00'),
(180, 11, 5, '2025-05-28 05:30:00'),
(181, 4, 6, '2025-05-28 05:45:00'),
(182, 13, 7, '2025-05-28 06:00:00'),
(183, 5, 8, '2025-05-28 06:15:00'),
(184, 10, 9, '2025-05-28 06:30:00'),
(185, 6, 10, '2025-05-28 06:45:00'),
(186, 14, 11, '2025-05-28 07:00:00'),
(187, 8, 1, '2025-05-28 07:15:00'),
(188, 12, 2, '2025-05-28 07:30:00'),
(189, 1, 3, '2025-05-28 07:45:00'),
(190, 7, 4, '2025-05-28 08:00:00'),
(191, 3, 5, '2025-05-28 08:15:00'),
(192, 15, 6, '2025-05-28 08:30:00'),
(193, 2, 7, '2025-05-28 08:45:00'),
(194, 9, 8, '2025-05-28 09:00:00'),
(195, 11, 9, '2025-05-28 09:15:00'),
(196, 4, 10, '2025-05-28 09:30:00'),
(197, 13, 11, '2025-05-28 09:45:00'),
(198, 5, 1, '2025-05-28 10:00:00'),
(199, 10, 2, '2025-05-28 10:15:00'),
(200, 6, 3, '2025-05-28 10:30:00'),
(201, 14, 4, '2025-05-28 10:45:00'),
(202, 8, 5, '2025-05-28 11:00:00'),
(203, 12, 6, '2025-05-28 11:15:00'),
(204, 1, 7, '2025-05-28 11:30:00'),
(205, 7, 8, '2025-05-28 11:45:00'),
(206, 3, 9, '2025-05-28 12:00:00'),
(207, 15, 10, '2025-05-28 12:15:00'),
(208, 2, 11, '2025-05-28 12:30:00'),
(209, 9, 1, '2025-05-28 12:45:00');

-- --------------------------------------------------------

--
-- Table structure for table `post_likes`
--

CREATE TABLE `post_likes` (
  `id` int NOT NULL,
  `post_id` int NOT NULL,
  `user_id` int NOT NULL,
  `liked_at` datetime DEFAULT CURRENT_TIMESTAMP
) ENGINE=InnoDB DEFAULT CHARSET=utf8mb4 COLLATE=utf8mb4_0900_ai_ci;

--
-- Dumping data for table `post_likes`
--

INSERT INTO `post_likes` (`id`, `post_id`, `user_id`, `liked_at`) VALUES
(1, 1, 4, '2025-05-28 20:20:17');

-- --------------------------------------------------------

--
-- Table structure for table `users`
--

CREATE TABLE `users` (
  `user_id` int NOT NULL,
  `username` varchar(50) NOT NULL,
  `created_at` timestamp NULL DEFAULT CURRENT_TIMESTAMP
) ENGINE=InnoDB DEFAULT CHARSET=utf8mb4 COLLATE=utf8mb4_0900_ai_ci;

--
-- Dumping data for table `users`
--

INSERT INTO `users` (`user_id`, `username`, `created_at`) VALUES
(1, 'alice', '2025-05-28 02:23:21'),
(2, 'bob', '2025-05-28 02:23:21'),
(3, 'carol', '2025-05-28 02:23:21'),
(4, 'dave', '2025-05-28 02:23:21'),
(5, 'eve', '2025-05-28 02:23:21'),
(6, 'duy123', '2024-12-01 01:00:00'),
(7, 'thao_nguyen', '2024-12-10 03:00:00'),
(8, 'longlee', '2025-01-05 05:00:00'),
(9, 'hanhpham', '2025-02-15 07:00:00'),
(10, 'yogilife', '2025-03-10 02:00:00'),
(11, 'aitech', '2025-04-20 10:00:00');

--
-- Indexes for dumped tables
--

--
-- Indexes for table `cachedtoppoststoday`
--
ALTER TABLE `cachedtoppoststoday`
  ADD PRIMARY KEY (`post_id`);

--
-- Indexes for table `follows`
--
ALTER TABLE `follows`
  ADD PRIMARY KEY (`follower_id`,`followee_id`),
  ADD KEY `followee_id` (`followee_id`);

--
-- Indexes for table `hashtags`
--
ALTER TABLE `hashtags`
  ADD PRIMARY KEY (`hashtag_id`),
  ADD UNIQUE KEY `name` (`name`);

--
-- Indexes for table `popularpostsdaily`
--
ALTER TABLE `popularpostsdaily`
  ADD PRIMARY KEY (`post_id`,`view_date`);

--
-- Indexes for table `posthashtags`
--
ALTER TABLE `posthashtags`
  ADD PRIMARY KEY (`post_id`,`hashtag_id`),
  ADD KEY `hashtag_id` (`hashtag_id`);

--
-- Indexes for table `posts`
--
ALTER TABLE `posts`
  ADD PRIMARY KEY (`post_id`),
  ADD KEY `user_id` (`user_id`);

--
-- Indexes for table `postviews`
--
ALTER TABLE `postviews`
  ADD PRIMARY KEY (`view_id`),
  ADD KEY `post_id` (`post_id`),
  ADD KEY `viewer_id` (`viewer_id`);

--
-- Indexes for table `postviews_partitioned`
--
ALTER TABLE `postviews_partitioned`
  ADD PRIMARY KEY (`view_id`,`view_time`);

--
-- Indexes for table `post_likes`
--
ALTER TABLE `post_likes`
  ADD PRIMARY KEY (`id`),
  ADD UNIQUE KEY `unique_like` (`post_id`,`user_id`),
  ADD KEY `user_id` (`user_id`);

--
-- Indexes for table `users`
--
ALTER TABLE `users`
  ADD PRIMARY KEY (`user_id`);

--
-- AUTO_INCREMENT for dumped tables
--

--
-- AUTO_INCREMENT for table `hashtags`
--
ALTER TABLE `hashtags`
  MODIFY `hashtag_id` int NOT NULL AUTO_INCREMENT, AUTO_INCREMENT=3;

--
-- AUTO_INCREMENT for table `posts`
--
ALTER TABLE `posts`
  MODIFY `post_id` int NOT NULL AUTO_INCREMENT, AUTO_INCREMENT=16;

--
-- AUTO_INCREMENT for table `postviews`
--
ALTER TABLE `postviews`
  MODIFY `view_id` bigint NOT NULL AUTO_INCREMENT, AUTO_INCREMENT=210;

--
-- AUTO_INCREMENT for table `post_likes`
--
ALTER TABLE `post_likes`
  MODIFY `id` int NOT NULL AUTO_INCREMENT, AUTO_INCREMENT=2;

--
-- AUTO_INCREMENT for table `users`
--
ALTER TABLE `users`
  MODIFY `user_id` int NOT NULL AUTO_INCREMENT, AUTO_INCREMENT=12;

--
-- Constraints for dumped tables
--

--
-- Constraints for table `follows`
--
ALTER TABLE `follows`
  ADD CONSTRAINT `follows_ibfk_1` FOREIGN KEY (`follower_id`) REFERENCES `users` (`user_id`),
  ADD CONSTRAINT `follows_ibfk_2` FOREIGN KEY (`followee_id`) REFERENCES `users` (`user_id`);

--
-- Constraints for table `popularpostsdaily`
--
ALTER TABLE `popularpostsdaily`
  ADD CONSTRAINT `popularpostsdaily_ibfk_1` FOREIGN KEY (`post_id`) REFERENCES `posts` (`post_id`);

--
-- Constraints for table `posthashtags`
--
ALTER TABLE `posthashtags`
  ADD CONSTRAINT `posthashtags_ibfk_1` FOREIGN KEY (`post_id`) REFERENCES `posts` (`post_id`),
  ADD CONSTRAINT `posthashtags_ibfk_2` FOREIGN KEY (`hashtag_id`) REFERENCES `hashtags` (`hashtag_id`);

--
-- Constraints for table `posts`
--
ALTER TABLE `posts`
  ADD CONSTRAINT `posts_ibfk_1` FOREIGN KEY (`user_id`) REFERENCES `users` (`user_id`);

--
-- Constraints for table `postviews`
--
ALTER TABLE `postviews`
  ADD CONSTRAINT `postviews_ibfk_1` FOREIGN KEY (`post_id`) REFERENCES `posts` (`post_id`),
  ADD CONSTRAINT `postviews_ibfk_2` FOREIGN KEY (`viewer_id`) REFERENCES `users` (`user_id`);

--
-- Constraints for table `post_likes`
--
ALTER TABLE `post_likes`
  ADD CONSTRAINT `post_likes_ibfk_1` FOREIGN KEY (`post_id`) REFERENCES `posts` (`post_id`),
  ADD CONSTRAINT `post_likes_ibfk_2` FOREIGN KEY (`user_id`) REFERENCES `users` (`user_id`);
COMMIT;

/*!40101 SET CHARACTER_SET_CLIENT=@OLD_CHARACTER_SET_CLIENT */;
/*!40101 SET CHARACTER_SET_RESULTS=@OLD_CHARACTER_SET_RESULTS */;
/*!40101 SET COLLATION_CONNECTION=@OLD_COLLATION_CONNECTION */;
